Model,Avg Toxicity,Avg Helpfulness,Avg Harmlessness,High Toxicity %,Toxicity Δ,Helpfulness Δ,Harmlessness Δ
Baseline,0.06416125610703599,2.62,4.19,5.0,0.0,0.0,0.0
QLoRA,0.028175240811542563,2.53,4.36,2.0,-0.03598601529549343,-0.0900000000000003,0.16999999999999993
